global_step,epoch,step,phase,loss_ce,loss_tok,loss_phr,loss_cfg,loss_total,reward_phr,reward_cfg,lam_ce,lam_tok,lam_phr,lam_cfg,lr,grad_norm
10,1,9,Phase-1:CE,2.593157,0.0,0.0,0.0,2.593157,0.0,0.0,1.0,0.5,0.5,0.2,2.7e-07,59.0
20,1,19,Phase-1:CE,2.256866,0.0,0.0,0.0,2.256866,0.0,0.0,1.0,0.5,0.5,0.2,5.5e-07,46.0
30,1,29,Phase-1:CE,3.126372,0.0,0.0,0.0,3.126372,0.0,0.0,1.0,0.5,0.5,0.2,8.2e-07,75.5
40,1,39,Phase-1:CE,1.934633,0.0,0.0,0.0,1.934633,0.0,0.0,1.0,0.5,0.5,0.2,1.09e-06,59.75
50,1,49,Phase-1:CE,1.881433,0.0,0.0,0.0,1.881433,0.0,0.0,1.0,0.5,0.5,0.2,1.36e-06,52.25
60,1,59,Phase-1:CE,1.888428,0.0,0.0,0.0,1.888428,0.0,0.0,1.0,0.5,0.5,0.2,1.64e-06,51.25
70,1,69,Phase-1:CE,2.053428,0.0,0.0,0.0,2.053428,0.0,0.0,1.0,0.5,0.5,0.2,1.91e-06,47.0
80,1,79,Phase-1:CE,1.617078,0.0,0.0,0.0,1.617078,0.0,0.0,1.0,0.5,0.5,0.2,2.18e-06,49.75
90,1,89,Phase-1:CE,1.590105,0.0,0.0,0.0,1.590105,0.0,0.0,1.0,0.5,0.5,0.2,2.46e-06,40.0
100,1,99,Phase-1:CE,1.271809,0.0,0.0,0.0,1.271809,0.0,0.0,1.0,0.5,0.5,0.2,2.73e-06,45.5
110,1,109,Phase-1:CE,0.874635,0.0,0.0,0.0,0.874635,0.0,0.0,1.0,0.5,0.5,0.2,3e-06,33.25
120,1,119,Phase-1:CE,1.08142,0.0,0.0,0.0,1.08142,0.0,0.0,1.0,0.5,0.5,0.2,3.27e-06,38.5
130,1,129,Phase-1:CE,1.592852,0.0,0.0,0.0,1.592852,0.0,0.0,1.0,0.5,0.5,0.2,3.55e-06,36.25
140,1,139,Phase-1:CE,1.457397,0.0,0.0,0.0,1.457397,0.0,0.0,1.0,0.5,0.5,0.2,3.82e-06,51.75
150,1,149,Phase-1:CE,1.199613,0.0,0.0,0.0,1.199613,0.0,0.0,1.0,0.5,0.5,0.2,4.09e-06,42.25
160,1,159,Phase-1:CE,1.638781,0.0,0.0,0.0,1.638781,0.0,0.0,1.0,0.5,0.5,0.2,4.37e-06,48.75
170,1,169,Phase-1:CE,0.993273,0.0,0.0,0.0,0.993273,0.0,0.0,1.0,0.5,0.5,0.2,4.64e-06,29.0
180,1,179,Phase-1:CE,1.243898,0.0,0.0,0.0,1.243898,0.0,0.0,1.0,0.5,0.5,0.2,4.91e-06,72.5
190,1,189,Phase-1:CE,1.379055,0.0,0.0,0.0,1.379055,0.0,0.0,1.0,0.5,0.5,0.2,5.18e-06,32.25
200,1,199,Phase-1:CE,1.080858,0.0,0.0,0.0,1.080858,0.0,0.0,1.0,0.5,0.5,0.2,5.46e-06,43.0
210,1,209,Phase-1:CE,1.743408,0.0,0.0,0.0,1.743408,0.0,0.0,1.0,0.5,0.5,0.2,5.73e-06,57.25
220,1,219,Phase-1:CE,1.363557,0.0,0.0,0.0,1.363557,0.0,0.0,1.0,0.5,0.5,0.2,6e-06,47.25
230,1,229,Phase-1:CE,1.762526,0.0,0.0,0.0,1.762526,0.0,0.0,1.0,0.5,0.5,0.2,6.28e-06,32.25
240,1,239,Phase-1:CE,1.02655,0.0,0.0,0.0,1.02655,0.0,0.0,1.0,0.5,0.5,0.2,6.55e-06,35.75
250,1,249,Phase-1:CE,0.968478,0.0,0.0,0.0,0.968478,0.0,0.0,1.0,0.5,0.5,0.2,6.82e-06,60.75
260,1,259,Phase-1:CE,0.998758,0.0,0.0,0.0,0.998758,0.0,0.0,1.0,0.5,0.5,0.2,7.09e-06,29.125
270,1,269,Phase-1:CE,0.861353,0.0,0.0,0.0,0.861353,0.0,0.0,1.0,0.5,0.5,0.2,7.37e-06,21.375
280,1,279,Phase-1:CE,0.9536,0.0,0.0,0.0,0.9536,0.0,0.0,1.0,0.5,0.5,0.2,7.64e-06,24.125
290,1,289,Phase-1:CE,1.086266,0.0,0.0,0.0,1.086266,0.0,0.0,1.0,0.5,0.5,0.2,7.91e-06,31.125
300,1,299,Phase-1:CE,0.911471,0.0,0.0,0.0,0.911471,0.0,0.0,1.0,0.5,0.5,0.2,8.19e-06,27.625
310,1,309,Phase-1:CE,1.376358,0.0,0.0,0.0,1.376358,0.0,0.0,1.0,0.5,0.5,0.2,8.46e-06,50.25
320,1,319,Phase-1:CE,1.120004,0.0,0.0,0.0,1.120004,0.0,0.0,1.0,0.5,0.5,0.2,8.73e-06,40.25
330,1,329,Phase-1:CE,1.29471,0.0,0.0,0.0,1.29471,0.0,0.0,1.0,0.5,0.5,0.2,9e-06,32.5
340,1,339,Phase-1:CE,1.219143,0.0,0.0,0.0,1.219143,0.0,0.0,1.0,0.5,0.5,0.2,9.28e-06,24.125
350,1,349,Phase-1:CE,0.924231,0.0,0.0,0.0,0.924231,0.0,0.0,1.0,0.5,0.5,0.2,9.55e-06,26.125
360,1,359,Phase-1:CE,0.800501,0.0,0.0,0.0,0.800501,0.0,0.0,1.0,0.5,0.5,0.2,9.82e-06,33.5
370,1,369,Phase-1:CE,0.874133,0.0,0.0,0.0,0.874133,0.0,0.0,1.0,0.5,0.5,0.2,1.01e-05,24.25
380,1,379,Phase-1:CE,1.347468,0.0,0.0,0.0,1.347468,0.0,0.0,1.0,0.5,0.5,0.2,1.037e-05,37.0
390,1,389,Phase-1:CE,1.228976,0.0,0.0,0.0,1.228976,0.0,0.0,1.0,0.5,0.5,0.2,1.064e-05,29.25
400,1,399,Phase-1:CE,1.127043,0.0,0.0,0.0,1.127043,0.0,0.0,1.0,0.5,0.5,0.2,1.091e-05,21.5
410,1,409,Phase-1:CE,1.006865,0.0,0.0,0.0,1.006865,0.0,0.0,1.0,0.5,0.5,0.2,1.119e-05,23.375
420,1,419,Phase-1:CE,0.989996,0.0,0.0,0.0,0.989996,0.0,0.0,1.0,0.5,0.5,0.2,1.146e-05,22.5
430,1,429,Phase-1:CE,1.03637,0.0,0.0,0.0,1.03637,0.0,0.0,1.0,0.5,0.5,0.2,1.173e-05,23.5
440,1,439,Phase-1:CE,0.970852,0.0,0.0,0.0,0.970852,0.0,0.0,1.0,0.5,0.5,0.2,1.201e-05,28.375
450,1,449,Phase-1:CE,0.701777,0.0,0.0,0.0,0.701777,0.0,0.0,1.0,0.5,0.5,0.2,1.228e-05,19.75
460,1,459,Phase-1:CE,1.184723,0.0,0.0,0.0,1.184723,0.0,0.0,1.0,0.5,0.5,0.2,1.255e-05,29.75
470,1,469,Phase-1:CE,1.409867,0.0,0.0,0.0,1.409867,0.0,0.0,1.0,0.5,0.5,0.2,1.282e-05,24.0
480,1,479,Phase-1:CE,1.705219,0.0,0.0,0.0,1.705219,0.0,0.0,1.0,0.5,0.5,0.2,1.31e-05,32.5
490,1,489,Phase-1:CE,1.297214,0.0,0.0,0.0,1.297214,0.0,0.0,1.0,0.5,0.5,0.2,1.337e-05,26.625
500,1,499,Phase-1:CE,1.020295,0.0,0.0,0.0,1.020295,0.0,0.0,1.0,0.5,0.5,0.2,1.364e-05,24.875
510,1,509,Phase-1:CE,0.81846,0.0,0.0,0.0,0.81846,0.0,0.0,1.0,0.5,0.5,0.2,1.392e-05,26.25
520,1,519,Phase-1:CE,0.867215,0.0,0.0,0.0,0.867215,0.0,0.0,1.0,0.5,0.5,0.2,1.419e-05,18.625
530,1,529,Phase-1:CE,1.067242,0.0,0.0,0.0,1.067242,0.0,0.0,1.0,0.5,0.5,0.2,1.446e-05,18.125
540,1,539,Phase-1:CE,1.122292,0.0,0.0,0.0,1.122292,0.0,0.0,1.0,0.5,0.5,0.2,1.473e-05,17.125
550,1,549,Phase-1:CE,0.813955,0.0,0.0,0.0,0.813955,0.0,0.0,1.0,0.5,0.5,0.2,1.501e-05,18.625
560,1,559,Phase-1:CE,1.060877,0.0,0.0,0.0,1.060877,0.0,0.0,1.0,0.5,0.5,0.2,1.528e-05,20.5
570,1,569,Phase-1:CE,1.073797,0.0,0.0,0.0,1.073797,0.0,0.0,1.0,0.5,0.5,0.2,1.555e-05,20.625
580,1,579,Phase-1:CE,1.045825,0.0,0.0,0.0,1.045825,0.0,0.0,1.0,0.5,0.5,0.2,1.583e-05,20.5
590,1,589,Phase-1:CE,1.367307,0.0,0.0,0.0,1.367307,0.0,0.0,1.0,0.5,0.5,0.2,1.61e-05,18.375
600,1,599,Phase-1:CE,0.842707,0.0,0.0,0.0,0.842707,0.0,0.0,1.0,0.5,0.5,0.2,1.637e-05,17.125
610,1,609,Phase-1:CE,0.967529,0.0,0.0,0.0,0.967529,0.0,0.0,1.0,0.5,0.5,0.2,1.664e-05,16.125
620,1,619,Phase-1:CE,1.313181,0.0,0.0,0.0,1.313181,0.0,0.0,1.0,0.5,0.5,0.2,1.692e-05,23.625
630,1,629,Phase-1:CE,0.911543,0.0,0.0,0.0,0.911543,0.0,0.0,1.0,0.5,0.5,0.2,1.719e-05,16.0
640,1,639,Phase-1:CE,1.331449,0.0,0.0,0.0,1.331449,0.0,0.0,1.0,0.5,0.5,0.2,1.746e-05,21.75
650,1,649,Phase-1:CE,0.95927,0.0,0.0,0.0,0.95927,0.0,0.0,1.0,0.5,0.5,0.2,1.774e-05,13.75
660,1,659,Phase-1:CE,1.553346,0.0,0.0,0.0,1.553346,0.0,0.0,1.0,0.5,0.5,0.2,1.801e-05,19.75
670,1,669,Phase-1:CE,0.969629,0.0,0.0,0.0,0.969629,0.0,0.0,1.0,0.5,0.5,0.2,1.828e-05,18.125
680,1,679,Phase-1:CE,1.006196,0.0,0.0,0.0,1.006196,0.0,0.0,1.0,0.5,0.5,0.2,1.855e-05,13.875
690,1,689,Phase-1:CE,1.125348,0.0,0.0,0.0,1.125348,0.0,0.0,1.0,0.5,0.5,0.2,1.883e-05,25.125
700,1,699,Phase-1:CE,1.274319,0.0,0.0,0.0,1.274319,0.0,0.0,1.0,0.5,0.5,0.2,1.91e-05,18.125
710,1,709,Phase-1:CE,1.061938,0.0,0.0,0.0,1.061938,0.0,0.0,1.0,0.5,0.5,0.2,1.937e-05,12.8125
720,1,719,Phase-1:CE,0.864072,0.0,0.0,0.0,0.864072,0.0,0.0,1.0,0.5,0.5,0.2,1.965e-05,13.4375
730,1,729,Phase-1:CE,0.721627,0.0,0.0,0.0,0.721627,0.0,0.0,1.0,0.5,0.5,0.2,1.992e-05,13.8125
740,1,739,Phase-1:CE,1.194898,0.0,0.0,0.0,1.194898,0.0,0.0,1.0,0.5,0.5,0.2,2e-05,17.5
750,1,749,Phase-1:CE,0.483088,0.0,0.0,0.0,0.483088,0.0,0.0,1.0,0.5,0.5,0.2,2e-05,12.75
760,1,759,Phase-1:CE,0.602993,0.0,0.0,0.0,0.602993,0.0,0.0,1.0,0.5,0.5,0.2,2e-05,15.5
770,1,769,Phase-1:CE,0.843518,0.0,0.0,0.0,0.843518,0.0,0.0,1.0,0.5,0.5,0.2,2e-05,16.125
780,1,779,Phase-1:CE,1.337912,0.0,0.0,0.0,1.337912,0.0,0.0,1.0,0.5,0.5,0.2,2e-05,19.125
790,1,789,Phase-1:CE,1.192197,0.0,0.0,0.0,1.192197,0.0,0.0,1.0,0.5,0.5,0.2,2e-05,13.9375
800,1,799,Phase-1:CE,1.235406,0.0,0.0,0.0,1.235406,0.0,0.0,1.0,0.5,0.5,0.2,2e-05,18.5
810,1,809,Phase-1:CE,0.904138,0.0,0.0,0.0,0.904138,0.0,0.0,1.0,0.5,0.5,0.2,2e-05,17.0
820,1,819,Phase-1:CE,1.372278,0.0,0.0,0.0,1.372278,0.0,0.0,1.0,0.5,0.5,0.2,2e-05,19.5
830,1,829,Phase-1:CE,1.252246,0.0,0.0,0.0,1.252246,0.0,0.0,1.0,0.5,0.5,0.2,2e-05,22.625
840,1,839,Phase-1:CE,0.697479,0.0,0.0,0.0,0.697479,0.0,0.0,1.0,0.5,0.5,0.2,2e-05,11.1875
850,1,849,Phase-1:CE,1.068295,0.0,0.0,0.0,1.068295,0.0,0.0,1.0,0.5,0.5,0.2,2e-05,17.75
860,1,859,Phase-1:CE,1.172545,0.0,0.0,0.0,1.172545,0.0,0.0,1.0,0.5,0.5,0.2,2e-05,16.25
870,1,869,Phase-1:CE,0.819881,0.0,0.0,0.0,0.819881,0.0,0.0,1.0,0.5,0.5,0.2,2e-05,14.9375
880,1,879,Phase-1:CE,0.886549,0.0,0.0,0.0,0.886549,0.0,0.0,1.0,0.5,0.5,0.2,1.999e-05,17.625
890,1,889,Phase-1:CE,1.472825,0.0,0.0,0.0,1.472825,0.0,0.0,1.0,0.5,0.5,0.2,1.999e-05,18.0
900,1,899,Phase-1:CE,0.75933,0.0,0.0,0.0,0.75933,0.0,0.0,1.0,0.5,0.5,0.2,1.999e-05,10.5
910,1,909,Phase-1:CE,1.235541,0.0,0.0,0.0,1.235541,0.0,0.0,1.0,0.5,0.5,0.2,1.999e-05,13.5
920,1,919,Phase-1:CE,0.84098,0.0,0.0,0.0,0.84098,0.0,0.0,1.0,0.5,0.5,0.2,1.999e-05,12.4375
930,1,929,Phase-1:CE,0.909898,0.0,0.0,0.0,0.909898,0.0,0.0,1.0,0.5,0.5,0.2,1.999e-05,11.625
940,1,939,Phase-1:CE,0.840619,0.0,0.0,0.0,0.840619,0.0,0.0,1.0,0.5,0.5,0.2,1.999e-05,12.125
950,1,949,Phase-1:CE,1.082061,0.0,0.0,0.0,1.082061,0.0,0.0,1.0,0.5,0.5,0.2,1.999e-05,16.875
960,1,959,Phase-1:CE,0.76048,0.0,0.0,0.0,0.76048,0.0,0.0,1.0,0.5,0.5,0.2,1.999e-05,10.5
970,1,969,Phase-1:CE,1.264329,0.0,0.0,0.0,1.264329,0.0,0.0,1.0,0.5,0.5,0.2,1.999e-05,19.5
980,1,979,Phase-1:CE,1.213263,0.0,0.0,0.0,1.213263,0.0,0.0,1.0,0.5,0.5,0.2,1.998e-05,26.625
990,1,989,Phase-1:CE,0.662664,0.0,0.0,0.0,0.662664,0.0,0.0,1.0,0.5,0.5,0.2,1.998e-05,10.375
1000,1,999,Phase-1:CE,0.722335,0.0,0.0,0.0,0.722335,0.0,0.0,1.0,0.5,0.5,0.2,1.998e-05,13.75
1010,1,1009,Phase-1:CE,0.648065,0.0,0.0,0.0,0.648065,0.0,0.0,1.0,0.5,0.5,0.2,1.998e-05,9.1875
1020,1,1019,Phase-1:CE,1.046871,0.0,0.0,0.0,1.046871,0.0,0.0,1.0,0.5,0.5,0.2,1.998e-05,17.375
1030,1,1029,Phase-1:CE,0.644201,0.0,0.0,0.0,0.644201,0.0,0.0,1.0,0.5,0.5,0.2,1.998e-05,16.125
1040,1,1039,Phase-1:CE,1.122533,0.0,0.0,0.0,1.122533,0.0,0.0,1.0,0.5,0.5,0.2,1.998e-05,16.125
1050,1,1049,Phase-1:CE,0.836819,0.0,0.0,0.0,0.836819,0.0,0.0,1.0,0.5,0.5,0.2,1.997e-05,9.8125
1060,1,1059,Phase-1:CE,0.770089,0.0,0.0,0.0,0.770089,0.0,0.0,1.0,0.5,0.5,0.2,1.997e-05,11.0625
1070,1,1069,Phase-1:CE,0.443793,0.0,0.0,0.0,0.443793,0.0,0.0,1.0,0.5,0.5,0.2,1.997e-05,11.5
1080,1,1079,Phase-1:CE,0.676659,0.0,0.0,0.0,0.676659,0.0,0.0,1.0,0.5,0.5,0.2,1.997e-05,8.8125
1090,1,1089,Phase-1:CE,0.666619,0.0,0.0,0.0,0.666619,0.0,0.0,1.0,0.5,0.5,0.2,1.997e-05,9.1875
1100,1,1099,Phase-1:CE,0.579208,0.0,0.0,0.0,0.579208,0.0,0.0,1.0,0.5,0.5,0.2,1.997e-05,11.5625
1110,1,1109,Phase-1:CE,0.811418,0.0,0.0,0.0,0.811418,0.0,0.0,1.0,0.5,0.5,0.2,1.996e-05,10.75
1120,1,1119,Phase-1:CE,0.83744,0.0,0.0,0.0,0.83744,0.0,0.0,1.0,0.5,0.5,0.2,1.996e-05,14.0625
1130,1,1129,Phase-1:CE,0.675564,0.0,0.0,0.0,0.675564,0.0,0.0,1.0,0.5,0.5,0.2,1.996e-05,9.375
1140,1,1139,Phase-1:CE,1.139819,0.0,0.0,0.0,1.139819,0.0,0.0,1.0,0.5,0.5,0.2,1.996e-05,14.8125
1150,1,1149,Phase-1:CE,0.582118,0.0,0.0,0.0,0.582118,0.0,0.0,1.0,0.5,0.5,0.2,1.996e-05,8.0625
1160,1,1159,Phase-1:CE,0.848781,0.0,0.0,0.0,0.848781,0.0,0.0,1.0,0.5,0.5,0.2,1.995e-05,17.25
1170,1,1169,Phase-1:CE,0.742281,0.0,0.0,0.0,0.742281,0.0,0.0,1.0,0.5,0.5,0.2,1.995e-05,8.625
1180,1,1179,Phase-1:CE,1.371327,0.0,0.0,0.0,1.371327,0.0,0.0,1.0,0.5,0.5,0.2,1.995e-05,14.5625
1190,1,1189,Phase-1:CE,0.802182,0.0,0.0,0.0,0.802182,0.0,0.0,1.0,0.5,0.5,0.2,1.995e-05,10.8125
1200,1,1199,Phase-1:CE,0.808766,0.0,0.0,0.0,0.808766,0.0,0.0,1.0,0.5,0.5,0.2,1.994e-05,13.3125
1210,1,1209,Phase-1:CE,1.066525,0.0,0.0,0.0,1.066525,0.0,0.0,1.0,0.5,0.5,0.2,1.994e-05,15.8125
1220,1,1219,Phase-1:CE,0.669263,0.0,0.0,0.0,0.669263,0.0,0.0,1.0,0.5,0.5,0.2,1.994e-05,8.0625
1230,1,1229,Phase-1:CE,0.9917,0.0,0.0,0.0,0.9917,0.0,0.0,1.0,0.5,0.5,0.2,1.994e-05,11.9375
1240,1,1239,Phase-1:CE,1.192808,0.0,0.0,0.0,1.192808,0.0,0.0,1.0,0.5,0.5,0.2,1.993e-05,15.75
1250,1,1249,Phase-1:CE,0.74336,0.0,0.0,0.0,0.74336,0.0,0.0,1.0,0.5,0.5,0.2,1.993e-05,9.1875
1260,1,1259,Phase-1:CE,1.103766,0.0,0.0,0.0,1.103766,0.0,0.0,1.0,0.5,0.5,0.2,1.993e-05,17.75
1270,1,1269,Phase-1:CE,1.204782,0.0,0.0,0.0,1.204782,0.0,0.0,1.0,0.5,0.5,0.2,1.993e-05,11.3125
1280,1,1279,Phase-1:CE,1.197717,0.0,0.0,0.0,1.197717,0.0,0.0,1.0,0.5,0.5,0.2,1.992e-05,21.125
1290,1,1289,Phase-1:CE,1.01087,0.0,0.0,0.0,1.01087,0.0,0.0,1.0,0.5,0.5,0.2,1.992e-05,11.1875
1300,1,1299,Phase-1:CE,0.627483,0.0,0.0,0.0,0.627483,0.0,0.0,1.0,0.5,0.5,0.2,1.992e-05,9.9375
1310,1,1309,Phase-1:CE,1.02299,0.0,0.0,0.0,1.02299,0.0,0.0,1.0,0.5,0.5,0.2,1.992e-05,14.9375
1320,1,1319,Phase-1:CE,0.603983,0.0,0.0,0.0,0.603983,0.0,0.0,1.0,0.5,0.5,0.2,1.991e-05,7.9375
1330,1,1329,Phase-1:CE,0.469593,0.0,0.0,0.0,0.469593,0.0,0.0,1.0,0.5,0.5,0.2,1.991e-05,7.3125
1340,1,1339,Phase-1:CE,1.625383,0.0,0.0,0.0,1.625383,0.0,0.0,1.0,0.5,0.5,0.2,1.991e-05,16.125
1350,1,1349,Phase-1:CE,0.613874,0.0,0.0,0.0,0.613874,0.0,0.0,1.0,0.5,0.5,0.2,1.99e-05,10.0625
1360,1,1359,Phase-1:CE,0.951265,0.0,0.0,0.0,0.951265,0.0,0.0,1.0,0.5,0.5,0.2,1.99e-05,10.25
1370,1,1369,Phase-1:CE,0.598722,0.0,0.0,0.0,0.598722,0.0,0.0,1.0,0.5,0.5,0.2,1.99e-05,8.5
1380,1,1379,Phase-1:CE,0.365188,0.0,0.0,0.0,0.365188,0.0,0.0,1.0,0.5,0.5,0.2,1.989e-05,7.9375
1390,1,1389,Phase-1:CE,0.635955,0.0,0.0,0.0,0.635955,0.0,0.0,1.0,0.5,0.5,0.2,1.989e-05,11.25
1400,1,1399,Phase-1:CE,0.959838,0.0,0.0,0.0,0.959838,0.0,0.0,1.0,0.5,0.5,0.2,1.989e-05,17.25
1410,1,1409,Phase-1:CE,0.737984,0.0,0.0,0.0,0.737984,0.0,0.0,1.0,0.5,0.5,0.2,1.988e-05,9.625
1420,1,1419,Phase-1:CE,0.875166,0.0,0.0,0.0,0.875166,0.0,0.0,1.0,0.5,0.5,0.2,1.988e-05,15.375
1430,1,1429,Phase-1:CE,1.216546,0.0,0.0,0.0,1.216546,0.0,0.0,1.0,0.5,0.5,0.2,1.988e-05,12.5625
1440,1,1439,Phase-1:CE,1.311131,0.0,0.0,0.0,1.311131,0.0,0.0,1.0,0.5,0.5,0.2,1.987e-05,13.375
1450,1,1449,Phase-1:CE,1.015587,0.0,0.0,0.0,1.015587,0.0,0.0,1.0,0.5,0.5,0.2,1.987e-05,14.0625
1460,1,1459,Phase-1:CE,0.953923,0.0,0.0,0.0,0.953923,0.0,0.0,1.0,0.5,0.5,0.2,1.987e-05,11.25
1470,1,1469,Phase-1:CE,0.729826,0.0,0.0,0.0,0.729826,0.0,0.0,1.0,0.5,0.5,0.2,1.986e-05,8.6875
1480,1,1479,Phase-1:CE,0.716069,0.0,0.0,0.0,0.716069,0.0,0.0,1.0,0.5,0.5,0.2,1.986e-05,11.125
1490,1,1489,Phase-1:CE,0.770024,0.0,0.0,0.0,0.770024,0.0,0.0,1.0,0.5,0.5,0.2,1.985e-05,11.75
1500,1,1499,Phase-1:CE,0.433255,0.0,0.0,0.0,0.433255,0.0,0.0,1.0,0.5,0.5,0.2,1.985e-05,6.25
1510,1,1509,Phase-1:CE,0.660151,0.0,0.0,0.0,0.660151,0.0,0.0,1.0,0.5,0.5,0.2,1.985e-05,10.0625
1520,1,1519,Phase-1:CE,0.96621,0.0,0.0,0.0,0.96621,0.0,0.0,1.0,0.5,0.5,0.2,1.984e-05,13.125
1530,1,1529,Phase-1:CE,0.616225,0.0,0.0,0.0,0.616225,0.0,0.0,1.0,0.5,0.5,0.2,1.984e-05,7.25
1540,1,1539,Phase-1:CE,0.949309,0.0,0.0,0.0,0.949309,0.0,0.0,1.0,0.5,0.5,0.2,1.983e-05,11.5
1550,1,1549,Phase-1:CE,0.787584,0.0,0.0,0.0,0.787584,0.0,0.0,1.0,0.5,0.5,0.2,1.983e-05,11.75
1560,1,1559,Phase-1:CE,0.632519,0.0,0.0,0.0,0.632519,0.0,0.0,1.0,0.5,0.5,0.2,1.983e-05,7.6875
1570,1,1569,Phase-1:CE,0.607245,0.0,0.0,0.0,0.607245,0.0,0.0,1.0,0.5,0.5,0.2,1.982e-05,8.0625
1580,1,1579,Phase-1:CE,0.945782,0.0,0.0,0.0,0.945782,0.0,0.0,1.0,0.5,0.5,0.2,1.982e-05,10.625
1590,1,1589,Phase-1:CE,0.650249,0.0,0.0,0.0,0.650249,0.0,0.0,1.0,0.5,0.5,0.2,1.981e-05,9.1875
1600,1,1599,Phase-1:CE,0.974355,0.0,0.0,0.0,0.974355,0.0,0.0,1.0,0.5,0.5,0.2,1.981e-05,12.0625
1610,1,1609,Phase-1:CE,0.62767,0.0,0.0,0.0,0.62767,0.0,0.0,1.0,0.5,0.5,0.2,1.981e-05,10.75
1620,1,1619,Phase-1:CE,0.534183,0.0,0.0,0.0,0.534183,0.0,0.0,1.0,0.5,0.5,0.2,1.98e-05,8.875
1630,1,1629,Phase-1:CE,0.702932,0.0,0.0,0.0,0.702932,0.0,0.0,1.0,0.5,0.5,0.2,1.98e-05,10.375
1640,1,1639,Phase-1:CE,0.967129,0.0,0.0,0.0,0.967129,0.0,0.0,1.0,0.5,0.5,0.2,1.979e-05,8.375
1650,1,1649,Phase-1:CE,0.571111,0.0,0.0,0.0,0.571111,0.0,0.0,1.0,0.5,0.5,0.2,1.979e-05,11.1875
1660,1,1659,Phase-1:CE,0.651684,0.0,0.0,0.0,0.651684,0.0,0.0,1.0,0.5,0.5,0.2,1.978e-05,9.75
1670,1,1669,Phase-1:CE,1.290514,0.0,0.0,0.0,1.290514,0.0,0.0,1.0,0.5,0.5,0.2,1.978e-05,33.0
1680,1,1679,Phase-1:CE,0.791979,0.0,0.0,0.0,0.791979,0.0,0.0,1.0,0.5,0.5,0.2,1.977e-05,15.0625
1690,1,1689,Phase-1:CE,0.87664,0.0,0.0,0.0,0.87664,0.0,0.0,1.0,0.5,0.5,0.2,1.977e-05,13.375
1700,1,1699,Phase-1:CE,1.075476,0.0,0.0,0.0,1.075476,0.0,0.0,1.0,0.5,0.5,0.2,1.976e-05,9.3125
1710,1,1709,Phase-1:CE,0.956637,0.0,0.0,0.0,0.956637,0.0,0.0,1.0,0.5,0.5,0.2,1.976e-05,10.4375
1720,1,1719,Phase-1:CE,1.343298,0.0,0.0,0.0,1.343298,0.0,0.0,1.0,0.5,0.5,0.2,1.975e-05,14.5625
1730,1,1729,Phase-1:CE,0.842088,0.0,0.0,0.0,0.842088,0.0,0.0,1.0,0.5,0.5,0.2,1.975e-05,13.4375
1740,1,1739,Phase-1:CE,0.88723,0.0,0.0,0.0,0.88723,0.0,0.0,1.0,0.5,0.5,0.2,1.974e-05,10.75
1750,1,1749,Phase-1:CE,0.94449,0.0,0.0,0.0,0.94449,0.0,0.0,1.0,0.5,0.5,0.2,1.974e-05,12.4375
1760,1,1759,Phase-1:CE,0.945001,0.0,0.0,0.0,0.945001,0.0,0.0,1.0,0.5,0.5,0.2,1.973e-05,13.125
1770,1,1769,Phase-1:CE,1.004585,0.0,0.0,0.0,1.004585,0.0,0.0,1.0,0.5,0.5,0.2,1.973e-05,13.5
1780,1,1779,Phase-1:CE,0.50622,0.0,0.0,0.0,0.50622,0.0,0.0,1.0,0.5,0.5,0.2,1.972e-05,6.4688
1790,1,1789,Phase-1:CE,0.535297,0.0,0.0,0.0,0.535297,0.0,0.0,1.0,0.5,0.5,0.2,1.972e-05,7.7812
1800,1,1799,Phase-1:CE,0.808468,0.0,0.0,0.0,0.808468,0.0,0.0,1.0,0.5,0.5,0.2,1.971e-05,9.0
1810,1,1809,Phase-1:CE,0.672536,0.0,0.0,0.0,0.672536,0.0,0.0,1.0,0.5,0.5,0.2,1.971e-05,8.5625
1820,1,1819,Phase-1:CE,0.959233,0.0,0.0,0.0,0.959233,0.0,0.0,1.0,0.5,0.5,0.2,1.97e-05,20.375
1830,1,1829,Phase-1:CE,0.577147,0.0,0.0,0.0,0.577147,0.0,0.0,1.0,0.5,0.5,0.2,1.97e-05,6.625
1840,1,1839,Phase-1:CE,1.429578,0.0,0.0,0.0,1.429578,0.0,0.0,1.0,0.5,0.5,0.2,1.969e-05,19.75
1850,1,1849,Phase-1:CE,0.391138,0.0,0.0,0.0,0.391138,0.0,0.0,1.0,0.5,0.5,0.2,1.968e-05,11.75
1860,1,1859,Phase-1:CE,0.857639,0.0,0.0,0.0,0.857639,0.0,0.0,1.0,0.5,0.5,0.2,1.968e-05,9.9375
1870,1,1869,Phase-1:CE,0.712754,0.0,0.0,0.0,0.712754,0.0,0.0,1.0,0.5,0.5,0.2,1.967e-05,8.1875
1880,1,1879,Phase-1:CE,0.597445,0.0,0.0,0.0,0.597445,0.0,0.0,1.0,0.5,0.5,0.2,1.967e-05,7.8125
1890,1,1889,Phase-1:CE,1.376331,0.0,0.0,0.0,1.376331,0.0,0.0,1.0,0.5,0.5,0.2,1.966e-05,16.125
1900,1,1899,Phase-1:CE,0.736916,0.0,0.0,0.0,0.736916,0.0,0.0,1.0,0.5,0.5,0.2,1.966e-05,8.5625
1910,1,1909,Phase-1:CE,0.49975,0.0,0.0,0.0,0.49975,0.0,0.0,1.0,0.5,0.5,0.2,1.965e-05,6.4688
1920,1,1919,Phase-1:CE,0.658959,0.0,0.0,0.0,0.658959,0.0,0.0,1.0,0.5,0.5,0.2,1.964e-05,7.25
1930,1,1929,Phase-1:CE,0.842894,0.0,0.0,0.0,0.842894,0.0,0.0,1.0,0.5,0.5,0.2,1.964e-05,11.75
1940,1,1939,Phase-1:CE,1.11438,0.0,0.0,0.0,1.11438,0.0,0.0,1.0,0.5,0.5,0.2,1.963e-05,11.5
1950,1,1949,Phase-1:CE,0.723182,0.0,0.0,0.0,0.723182,0.0,0.0,1.0,0.5,0.5,0.2,1.963e-05,8.9375
1960,1,1959,Phase-1:CE,1.126888,0.0,0.0,0.0,1.126888,0.0,0.0,1.0,0.5,0.5,0.2,1.962e-05,10.8125
1970,1,1969,Phase-1:CE,0.445231,0.0,0.0,0.0,0.445231,0.0,0.0,1.0,0.5,0.5,0.2,1.961e-05,6.0312
1980,1,1979,Phase-1:CE,0.816968,0.0,0.0,0.0,0.816968,0.0,0.0,1.0,0.5,0.5,0.2,1.961e-05,9.0
1990,1,1989,Phase-1:CE,0.833311,0.0,0.0,0.0,0.833311,0.0,0.0,1.0,0.5,0.5,0.2,1.96e-05,7.9375
2000,1,1999,Phase-1:CE,1.036826,0.0,0.0,0.0,1.036826,0.0,0.0,1.0,0.5,0.5,0.2,1.959e-05,12.0
2010,1,2009,Phase-1:CE,0.48545,0.0,0.0,0.0,0.48545,0.0,0.0,1.0,0.5,0.5,0.2,1.959e-05,7.4375
2020,1,2019,Phase-1:CE,0.448167,0.0,0.0,0.0,0.448167,0.0,0.0,1.0,0.5,0.5,0.2,1.958e-05,7.0938
2030,1,2029,Phase-1:CE,0.542568,0.0,0.0,0.0,0.542568,0.0,0.0,1.0,0.5,0.5,0.2,1.958e-05,7.6875
2040,1,2039,Phase-1:CE,0.936028,0.0,0.0,0.0,0.936028,0.0,0.0,1.0,0.5,0.5,0.2,1.957e-05,9.375
2050,1,2049,Phase-1:CE,0.803853,0.0,0.0,0.0,0.803853,0.0,0.0,1.0,0.5,0.5,0.2,1.956e-05,8.1875
2060,1,2059,Phase-1:CE,0.935803,0.0,0.0,0.0,0.935803,0.0,0.0,1.0,0.5,0.5,0.2,1.956e-05,13.625
2070,1,2069,Phase-1:CE,1.228785,0.0,0.0,0.0,1.228785,0.0,0.0,1.0,0.5,0.5,0.2,1.955e-05,33.0
2080,1,2079,Phase-1:CE,0.931797,0.0,0.0,0.0,0.931797,0.0,0.0,1.0,0.5,0.5,0.2,1.954e-05,12.3125
2090,1,2089,Phase-1:CE,0.612686,0.0,0.0,0.0,0.612686,0.0,0.0,1.0,0.5,0.5,0.2,1.954e-05,8.4375
2100,1,2099,Phase-1:CE,0.447032,0.0,0.0,0.0,0.447032,0.0,0.0,1.0,0.5,0.5,0.2,1.953e-05,7.375
2110,1,2109,Phase-1:CE,0.797129,0.0,0.0,0.0,0.797129,0.0,0.0,1.0,0.5,0.5,0.2,1.952e-05,8.75
2120,1,2119,Phase-1:CE,0.622411,0.0,0.0,0.0,0.622411,0.0,0.0,1.0,0.5,0.5,0.2,1.951e-05,7.7188
2130,1,2129,Phase-1:CE,1.64504,0.0,0.0,0.0,1.64504,0.0,0.0,1.0,0.5,0.5,0.2,1.951e-05,16.75
2140,1,2139,Phase-1:CE,0.416014,0.0,0.0,0.0,0.416014,0.0,0.0,1.0,0.5,0.5,0.2,1.95e-05,6.1562
2150,1,2149,Phase-1:CE,1.084186,0.0,0.0,0.0,1.084186,0.0,0.0,1.0,0.5,0.5,0.2,1.949e-05,14.0
2160,1,2159,Phase-1:CE,1.125542,0.0,0.0,0.0,1.125542,0.0,0.0,1.0,0.5,0.5,0.2,1.949e-05,16.75
2170,1,2169,Phase-1:CE,0.93924,0.0,0.0,0.0,0.93924,0.0,0.0,1.0,0.5,0.5,0.2,1.948e-05,10.5625
2180,1,2179,Phase-1:CE,0.630505,0.0,0.0,0.0,0.630505,0.0,0.0,1.0,0.5,0.5,0.2,1.947e-05,7.8438
2190,1,2189,Phase-1:CE,1.003732,0.0,0.0,0.0,1.003732,0.0,0.0,1.0,0.5,0.5,0.2,1.947e-05,13.6875
2200,1,2199,Phase-1:CE,0.307246,0.0,0.0,0.0,0.307246,0.0,0.0,1.0,0.5,0.5,0.2,1.946e-05,5.8438
2210,1,2209,Phase-1:CE,0.571205,0.0,0.0,0.0,0.571205,0.0,0.0,1.0,0.5,0.5,0.2,1.945e-05,11.3125
2220,1,2219,Phase-1:CE,0.821835,0.0,0.0,0.0,0.821835,0.0,0.0,1.0,0.5,0.5,0.2,1.944e-05,19.25
2230,1,2229,Phase-1:CE,1.050263,0.0,0.0,0.0,1.050263,0.0,0.0,1.0,0.5,0.5,0.2,1.944e-05,10.1875
2240,1,2239,Phase-1:CE,1.055135,0.0,0.0,0.0,1.055135,0.0,0.0,1.0,0.5,0.5,0.2,1.943e-05,11.75
2250,1,2249,Phase-1:CE,0.555719,0.0,0.0,0.0,0.555719,0.0,0.0,1.0,0.5,0.5,0.2,1.942e-05,9.625
2260,1,2259,Phase-1:CE,1.102524,0.0,0.0,0.0,1.102524,0.0,0.0,1.0,0.5,0.5,0.2,1.941e-05,10.1875
2270,1,2269,Phase-1:CE,0.736649,0.0,0.0,0.0,0.736649,0.0,0.0,1.0,0.5,0.5,0.2,1.941e-05,8.75
2280,1,2279,Phase-1:CE,0.801063,0.0,0.0,0.0,0.801063,0.0,0.0,1.0,0.5,0.5,0.2,1.94e-05,9.8125
2290,1,2289,Phase-1:CE,0.891803,0.0,0.0,0.0,0.891803,0.0,0.0,1.0,0.5,0.5,0.2,1.939e-05,12.5625
2300,1,2299,Phase-1:CE,0.914201,0.0,0.0,0.0,0.914201,0.0,0.0,1.0,0.5,0.5,0.2,1.938e-05,11.4375
2310,1,2309,Phase-1:CE,1.048296,0.0,0.0,0.0,1.048296,0.0,0.0,1.0,0.5,0.5,0.2,1.937e-05,10.5625
2320,1,2319,Phase-1:CE,0.609667,0.0,0.0,0.0,0.609667,0.0,0.0,1.0,0.5,0.5,0.2,1.937e-05,7.1875
2330,1,2329,Phase-1:CE,1.138516,0.0,0.0,0.0,1.138516,0.0,0.0,1.0,0.5,0.5,0.2,1.936e-05,12.0
2340,1,2339,Phase-1:CE,1.042383,0.0,0.0,0.0,1.042383,0.0,0.0,1.0,0.5,0.5,0.2,1.935e-05,13.875
2350,1,2349,Phase-1:CE,0.409579,0.0,0.0,0.0,0.409579,0.0,0.0,1.0,0.5,0.5,0.2,1.934e-05,7.8125
2360,1,2359,Phase-1:CE,0.728587,0.0,0.0,0.0,0.728587,0.0,0.0,1.0,0.5,0.5,0.2,1.933e-05,9.0625
2370,1,2369,Phase-1:CE,0.708306,0.0,0.0,0.0,0.708306,0.0,0.0,1.0,0.5,0.5,0.2,1.933e-05,8.5
2380,1,2379,Phase-1:CE,0.640337,0.0,0.0,0.0,0.640337,0.0,0.0,1.0,0.5,0.5,0.2,1.932e-05,9.5625
2390,1,2389,Phase-1:CE,0.864258,0.0,0.0,0.0,0.864258,0.0,0.0,1.0,0.5,0.5,0.2,1.931e-05,10.75
2400,1,2399,Phase-1:CE,0.681298,0.0,0.0,0.0,0.681298,0.0,0.0,1.0,0.5,0.5,0.2,1.93e-05,11.125
2410,1,2409,Phase-1:CE,1.107204,0.0,0.0,0.0,1.107204,0.0,0.0,1.0,0.5,0.5,0.2,1.929e-05,14.0
2420,1,2419,Phase-1:CE,0.707191,0.0,0.0,0.0,0.707191,0.0,0.0,1.0,0.5,0.5,0.2,1.929e-05,15.25
2430,1,2429,Phase-1:CE,0.97147,0.0,0.0,0.0,0.97147,0.0,0.0,1.0,0.5,0.5,0.2,1.928e-05,15.4375
2440,1,2439,Phase-1:CE,1.027857,0.0,0.0,0.0,1.027857,0.0,0.0,1.0,0.5,0.5,0.2,1.927e-05,12.9375
2450,1,2449,Phase-1:CE,0.62281,0.0,0.0,0.0,0.62281,0.0,0.0,1.0,0.5,0.5,0.2,1.926e-05,8.25
2460,1,2459,Phase-1:CE,0.644347,0.0,0.0,0.0,0.644347,0.0,0.0,1.0,0.5,0.5,0.2,1.925e-05,8.5625
2470,1,2469,Phase-1:CE,0.704968,0.0,0.0,0.0,0.704968,0.0,0.0,1.0,0.5,0.5,0.2,1.924e-05,8.6875
2480,1,2479,Phase-1:CE,0.633538,0.0,0.0,0.0,0.633538,0.0,0.0,1.0,0.5,0.5,0.2,1.923e-05,7.3125
2490,1,2489,Phase-1:CE,0.731885,0.0,0.0,0.0,0.731885,0.0,0.0,1.0,0.5,0.5,0.2,1.923e-05,9.875
2500,1,2499,Phase-1:CE,0.613577,0.0,0.0,0.0,0.613577,0.0,0.0,1.0,0.5,0.5,0.2,1.922e-05,7.2188
2510,1,2509,Phase-1:CE,0.727035,0.0,0.0,0.0,0.727035,0.0,0.0,1.0,0.5,0.5,0.2,1.921e-05,8.875
2520,1,2519,Phase-1:CE,0.843449,0.0,0.0,0.0,0.843449,0.0,0.0,1.0,0.5,0.5,0.2,1.92e-05,8.0625
2530,1,2529,Phase-1:CE,0.918614,0.0,0.0,0.0,0.918614,0.0,0.0,1.0,0.5,0.5,0.2,1.919e-05,10.5
2540,1,2539,Phase-1:CE,0.541783,0.0,0.0,0.0,0.541783,0.0,0.0,1.0,0.5,0.5,0.2,1.918e-05,5.125
2550,1,2549,Phase-1:CE,0.974743,0.0,0.0,0.0,0.974743,0.0,0.0,1.0,0.5,0.5,0.2,1.917e-05,8.375
2560,1,2559,Phase-1:CE,0.664317,0.0,0.0,0.0,0.664317,0.0,0.0,1.0,0.5,0.5,0.2,1.916e-05,11.1875
2570,1,2569,Phase-1:CE,0.448213,0.0,0.0,0.0,0.448213,0.0,0.0,1.0,0.5,0.5,0.2,1.915e-05,9.875
2580,1,2579,Phase-1:CE,0.983829,0.0,0.0,0.0,0.983829,0.0,0.0,1.0,0.5,0.5,0.2,1.915e-05,10.125
2590,1,2589,Phase-1:CE,0.383654,0.0,0.0,0.0,0.383654,0.0,0.0,1.0,0.5,0.5,0.2,1.914e-05,4.4375
2600,1,2599,Phase-1:CE,0.88157,0.0,0.0,0.0,0.88157,0.0,0.0,1.0,0.5,0.5,0.2,1.913e-05,9.75
2610,1,2609,Phase-1:CE,0.754625,0.0,0.0,0.0,0.754625,0.0,0.0,1.0,0.5,0.5,0.2,1.912e-05,9.3125
2620,1,2619,Phase-1:CE,0.635013,0.0,0.0,0.0,0.635013,0.0,0.0,1.0,0.5,0.5,0.2,1.911e-05,10.1875
2630,1,2629,Phase-1:CE,1.731855,0.0,0.0,0.0,1.731855,0.0,0.0,1.0,0.5,0.5,0.2,1.91e-05,18.25
2640,1,2639,Phase-1:CE,0.595561,0.0,0.0,0.0,0.595561,0.0,0.0,1.0,0.5,0.5,0.2,1.909e-05,11.8125
2650,1,2649,Phase-1:CE,0.746446,0.0,0.0,0.0,0.746446,0.0,0.0,1.0,0.5,0.5,0.2,1.908e-05,11.6875
2660,1,2659,Phase-1:CE,0.768447,0.0,0.0,0.0,0.768447,0.0,0.0,1.0,0.5,0.5,0.2,1.907e-05,10.0625
2670,1,2669,Phase-1:CE,0.722691,0.0,0.0,0.0,0.722691,0.0,0.0,1.0,0.5,0.5,0.2,1.906e-05,7.875
2680,1,2679,Phase-1:CE,1.432175,0.0,0.0,0.0,1.432175,0.0,0.0,1.0,0.5,0.5,0.2,1.905e-05,17.875
2690,1,2689,Phase-1:CE,0.690071,0.0,0.0,0.0,0.690071,0.0,0.0,1.0,0.5,0.5,0.2,1.904e-05,6.7188
2700,1,2699,Phase-1:CE,0.704581,0.0,0.0,0.0,0.704581,0.0,0.0,1.0,0.5,0.5,0.2,1.903e-05,10.9375
2710,1,2709,Phase-1:CE,0.70173,0.0,0.0,0.0,0.70173,0.0,0.0,1.0,0.5,0.5,0.2,1.902e-05,8.375
2720,1,2719,Phase-1:CE,0.389141,0.0,0.0,0.0,0.389141,0.0,0.0,1.0,0.5,0.5,0.2,1.901e-05,4.6562
2730,1,2729,Phase-1:CE,0.286957,0.0,0.0,0.0,0.286957,0.0,0.0,1.0,0.5,0.5,0.2,1.9e-05,4.5625
2740,1,2739,Phase-1:CE,0.740214,0.0,0.0,0.0,0.740214,0.0,0.0,1.0,0.5,0.5,0.2,1.899e-05,10.75
2750,1,2749,Phase-1:CE,1.077919,0.0,0.0,0.0,1.077919,0.0,0.0,1.0,0.5,0.5,0.2,1.898e-05,10.4375
2760,1,2759,Phase-1:CE,0.606051,0.0,0.0,0.0,0.606051,0.0,0.0,1.0,0.5,0.5,0.2,1.897e-05,7.3125
2770,1,2769,Phase-1:CE,0.764204,0.0,0.0,0.0,0.764204,0.0,0.0,1.0,0.5,0.5,0.2,1.896e-05,9.3125
2780,1,2779,Phase-1:CE,1.024923,0.0,0.0,0.0,1.024923,0.0,0.0,1.0,0.5,0.5,0.2,1.895e-05,14.625
2790,1,2789,Phase-1:CE,0.616479,0.0,0.0,0.0,0.616479,0.0,0.0,1.0,0.5,0.5,0.2,1.894e-05,8.375
2800,1,2799,Phase-1:CE,0.828749,0.0,0.0,0.0,0.828749,0.0,0.0,1.0,0.5,0.5,0.2,1.893e-05,10.1875
2810,1,2809,Phase-1:CE,0.690057,0.0,0.0,0.0,0.690057,0.0,0.0,1.0,0.5,0.5,0.2,1.892e-05,8.125
2820,1,2819,Phase-1:CE,0.433272,0.0,0.0,0.0,0.433272,0.0,0.0,1.0,0.5,0.5,0.2,1.891e-05,5.5625
2830,1,2829,Phase-1:CE,0.693065,0.0,0.0,0.0,0.693065,0.0,0.0,1.0,0.5,0.5,0.2,1.89e-05,15.6875
2840,1,2839,Phase-1:CE,1.194041,0.0,0.0,0.0,1.194041,0.0,0.0,1.0,0.5,0.5,0.2,1.889e-05,11.125
2850,1,2849,Phase-1:CE,1.185854,0.0,0.0,0.0,1.185854,0.0,0.0,1.0,0.5,0.5,0.2,1.888e-05,11.5625
2860,1,2859,Phase-1:CE,1.153401,0.0,0.0,0.0,1.153401,0.0,0.0,1.0,0.5,0.5,0.2,1.887e-05,9.875
2870,1,2869,Phase-1:CE,1.170705,0.0,0.0,0.0,1.170705,0.0,0.0,1.0,0.5,0.5,0.2,1.886e-05,11.25
2880,1,2879,Phase-1:CE,1.841191,0.0,0.0,0.0,1.841191,0.0,0.0,1.0,0.5,0.5,0.2,1.885e-05,17.75
2890,1,2889,Phase-1:CE,0.975748,0.0,0.0,0.0,0.975748,0.0,0.0,1.0,0.5,0.5,0.2,1.884e-05,10.25
2900,1,2899,Phase-1:CE,0.514415,0.0,0.0,0.0,0.514415,0.0,0.0,1.0,0.5,0.5,0.2,1.883e-05,6.1562
2910,1,2909,Phase-1:CE,0.786925,0.0,0.0,0.0,0.786925,0.0,0.0,1.0,0.5,0.5,0.2,1.882e-05,7.2188
2920,1,2919,Phase-1:CE,0.493932,0.0,0.0,0.0,0.493932,0.0,0.0,1.0,0.5,0.5,0.2,1.881e-05,5.6562
2930,1,2929,Phase-1:CE,1.004804,0.0,0.0,0.0,1.004804,0.0,0.0,1.0,0.5,0.5,0.2,1.88e-05,8.8125
